<?xml version="1.0" encoding="UTF-8"?>
<project-private xmlns="http://www.netbeans.org/ns/project-private/1">
    <editor-bookmarks xmlns="http://www.netbeans.org/ns/editor-bookmarks/2" lastBookmarkId="0"/>
    <open-files xmlns="http://www.netbeans.org/ns/projectui-open-files/2">
        <group>
            <file>file:/E:/LibraryManagement/src/Interface/Borrow.java</file>
            <file>file:/E:/LibraryManagement/src/Interface/AddBook.java</file>
            <file>file:/E:/LibraryManagement/src/Interface/Login.java</file>
            <file>file:/E:/LibraryManagement/src/Interface/Return.java</file>
            <file>file:/E:/LibraryManagement/src/Interface/DBConnect.java</file>
            <file>file:/E:/LibraryManagement/src/Interface/Home.java</file>
            <file>file:/E:/LibraryManagement/src/Interface/AddMember.java</file>
        </group>
    </open-files>
</project-private>
